{
    "N": 600,

    "h": 0.00004,

    "radius": 1.0,

    "mass": 7850.0,

    "kspr" : 210000000000.0,

    "coords": [ [1.0, 1.0],
                [1.0, 3.0],
                [1.0, 5.0],
                [3.0, 1.0],
                [3.0, 3.0],
                [3.0, 5.0],   
                [5.0, 1.0],
                [5.0, 3.0],
                [5.0, 5.0],   
                [7.0, 1.0],
                [7.0, 3.0],
                [7.0, 5.0],   
                [9.0, 1.0],
                [9.0, 3.0],
                [9.0, 5.0],   
                [11.0, 1.0],
                [11.0, 3.0],
                [11.0, 5.0] ],

    "connection_map" : [ 
                [2,    2,    4,    0,    0],
                [3,    1,    3,    5,    0],
                [2,    2,    6,    0,    0],
                [3,    5,    1,    7,    0],
                [4,    4,    6,    2,    8],
                [3,    5,    3,    9,    0],
                [3,    8,    4,   10,    0],
                [4,    7,    9,    5,   11],
                [3,    8,    6,   12,    0],
                [3,   11,    7,   13,    0],
                [4,   10,   12,    8,   14],
                [3,   11,    9,   15,    0],
                [3,   14,   10,   16,    0],
                [4,   13,   15,   11,   17],
                [3,   14,   12,   18,    0],
                [2,   17,   13,    0,    0],
                [3,   16,   18,   14,    0],
                [2,   17,   15,    0,    0 ] ],
                
    "forces": [
                0.00000,     0.00000,
                0.00000,     0.00000,
                0.00000,     0.00000,
                0.00000,     0.00000,
                0.00000,     0.00000,
                0.00000,     0.00000,
                0.00000,     0.00000,
                0.00000,     0.00000,
                0.00000,     0.00000,
                0.00000,     0.00000,
                0.00000,     0.00000,
                0.00000,     0.00000,
                0.00000,     0.00000,
                0.00000,     0.00000,
                0.00000,     0.00000,
                -1000.0,     0.00000,
                -1000.0,     0.00000,
                -1000.0,     0.00000],

    "restrs": [         1,   1,
                        1,   1,
                        1,   1,
                        0,   0,
                        0,   0,
                        0,   0,
                        0,   0,
                        0,   0,
                        0,   0,
                        0,   0,
                        0,   0,
                        0,   0,
                        0,   0,
                        0,   0,
                        0,   0,
                        0,   0,
                        0,   0,
                        0,   0]  

}